
<mods xmlns="http://www.loc.gov/mods/v3" xmlns:mods="http://www.loc.gov/mods/v3" xmlns:xlink="http://www.w3.org/1999/xlink" xmlns:xsi="http://www.w3.org/2001/XMLSchema-instance">
  <titleInfo>
    <title>The Horseshoe, east of Caledon Village</title>
  </titleInfo>
  <name type="personal">
    <namePart>Lou Wise</namePart>
    <role>
      <roleTerm authority="marcrelator" type="text">Creator</roleTerm>
    </role>
  </name>
  <typeOfResource>still image</typeOfResource>
  <genre authority="lctgm">Photograph</genre>
  <originInfo>
    <dateCreated>2012-03-16</dateCreated>
    <dateOther>1996-08-12</dateOther>
  </originInfo>
  <abstract>Oblique aerial view of the Horseshoe, east of Caledon Village</abstract>
  <identifier type="hdl">http://hdl.handle.net/10315/14914</identifier>
  <identifier type="local">ASC24183</identifier>
  <location>
    <physicalLocation>2009-008 / 002 (45)</physicalLocation>
  </location>
  <physicalDescription>
    <form authority="marcform">nonprojected graphic</form>
  </physicalDescription>
  <note>ASC24182</note>
  <relatedItem>
    <titleInfo>
      <title>Lou Wise fonds, F0539</title>
    </titleInfo>
    <location>
      <url note="Finding Aid">http://archivesfa.library.yorku.ca/fonds/ON00370-f0000539.htm</url>
    </location>
  </relatedItem>
  <subject>
    <topic>Aerial photographs</topic>
    <topic>Air photos</topic>
    <topic>Airphotos</topic>
    <hierarchicalGeographic>
      <continent>North America</continent>
      <country>Canada</country>
      <province>Ontario</province>
      <region>Credit Valley Conservation</region>
      <county>Peel Regional Municipality</county>
      <city>Caledon</city>
    </hierarchicalGeographic>
    <cartographics>
      <coordinates>43.86155, -79.929791</coordinates>
    </cartographics>
  </subject>
  <accessCondition type="useAndReproduction">Copyright of images owned by Lou Wise. Geo-spatial data and KML files generated by YUL staff is licensed under a Creative Commons Attribution-NonCommercial-ShareAlike 3.0 Unported License. For further copyright and contact information email: ascproj@yorku.ca</accessCondition>
  <note>One slide scanned out of 2 in file.</note>
  <note>Image is situated at 43.8616° North (Latitude), 79.9298° West (Longitude).</note>
  <note>View the location of this photo in Google Maps: http://maps.google.com/maps?z=12&amp;t=m&amp;q=loc:43.86155+-79.929791</note>
  <note>View the location of this photo in OpenStreetMap: http://www.openstreetmap.org/?mlat=43.86155&amp;mlon=-79.929791&amp;zoom=15</note>
</mods>
