
<mods xmlns="http://www.loc.gov/mods/v3" xmlns:mods="http://www.loc.gov/mods/v3" xmlns:xlink="http://www.w3.org/1999/xlink" xmlns:xsi="http://www.w3.org/2001/XMLSchema-instance">
  <titleInfo>
    <title>Actinolite</title>
  </titleInfo>
  <name type="personal">
    <namePart>Lou Wise</namePart>
    <role>
      <roleTerm authority="marcrelator" type="text">Creator</roleTerm>
    </role>
  </name>
  <typeOfResource>still image</typeOfResource>
  <genre authority="lctgm">Photograph</genre>
  <originInfo>
    <dateCreated>2008-10-10</dateCreated>
    <dateOther>1989</dateOther>
  </originInfo>
  <abstract>Oblique aerial view of Actinolite</abstract>
  <identifier type="hdl">http://hdl.handle.net/10315/10276</identifier>
  <identifier type="local">ASC20011</identifier>
  <identifier type="other">ACT00012</identifier>
  <location>
    <physicalLocation>2008-037 / 001 (1)</physicalLocation>
  </location>
  <physicalDescription>
    <form authority="marcform">nonprojected graphic</form>
  </physicalDescription>
  <note>Google Maps: http://maps.google.com/maps?z=12%26t=m%26q=loc:44.557171+-77.302247</note>
  <note>Open Street Maps: http://www.openstreetmap.org/?mlat=44.557171%26mlon=-77.302247%26zoom=15</note>
  <relatedItem>
    <titleInfo>
      <title>Lou Wise fonds, F0539</title>
    </titleInfo>
    <location>
      <url note="Finding Aid">http://archivesfa.library.yorku.ca/fonds/ON00370-f0000539.htm</url>
    </location>
  </relatedItem>
  <subject>
    <topic>Aerial photographs</topic>
    <topic>Air photos</topic>
    <topic>Airphotos</topic>
    <hierarchicalGeographic>
      <continent>North America</continent>
      <country>Canada</country>
      <province>Ontario</province>
      <region>Quinte Conservation Authority</region>
      <county>Hastings County</county>
      <city>Tweed</city>
    </hierarchicalGeographic>
    <cartographics>
      <coordinates>44.557171, -77.302247</coordinates>
    </cartographics>
  </subject>
  <accessCondition type="useAndReproduction">Copyright of images owned by Lou Wise. Geo-spatial data and KML files generated by YUL staff is licensed under a Creative Commons Attribution-NonCommercial-ShareAlike 3.0 Unported License. For further copyright and contact information email: ascproj@yorku.ca.</accessCondition>
  <note>Image is situated at 44.557° North (Latitude), 77.302° West (Longitude).</note>
</mods>
