<mods xmlns="http://www.loc.gov/mods/v3" xmlns:mods="http://www.loc.gov/mods/v3" xmlns:xlink="http://www.w3.org/1999/xlink" xmlns:xsi="http://www.w3.org/2001/XMLSchema-instance">
	
  
	<titleInfo>
		
    
		<title>Railroad south of Mount Albert</title>
		
  
	</titleInfo>
	
  
	<name type="personal">
		
    
		<namePart>Lou Wise</namePart>
		
    
		<role>
			
      
			<roleTerm authority="marcrelator" type="text">Creator</roleTerm>
			
    
		</role>
		
  
	</name>
	
  
	<typeOfResource>still image</typeOfResource>
	
  
	<genre authority="lctgm">Photograph</genre>
	
  
	<originInfo>
		
    
		<dateCreated>2012-04-11</dateCreated>
		
    
		<dateOther>1996-07-03</dateOther>
		
  
	</originInfo>
	
  
	<abstract>[contact sheet]</abstract>
	
  
	<identifier type="hdl">http://hdl.handle.net/10315/15616</identifier>
	
  
	<identifier type="local">ASC24855</identifier>
	
  
  
	<location>
		
    
		<physicalLocation>2009-008 / 004 (36)</physicalLocation>
		
  
	</location>
	
  
	<physicalDescription>
		
    
		<form authority="marcform">nonprojected graphic</form>
		
  
	</physicalDescription>
	
  
  
	<note>ASC24855</note>
	
  
	<note>ASC24855</note>
	
  
  
  
	<relatedItem>
		
    
		<titleInfo>
			
      
			<title>Lou Wise fonds, F0539</title>
			
    
		</titleInfo>
		
    
		<location>
			
      
			<url note="Finding Aid">http://archivesfa.library.yorku.ca/fonds/ON00370-f0000539.htm</url>
			
    
		</location>
		
  
	</relatedItem>
	
  
	<subject>
		
    
		<topic>Aerial photographs</topic>
		
    
		<topic>Air photos</topic>
		
    
		<topic>Airphotos</topic>
		
    
		<hierarchicalGeographic>
			
      
			<continent>North America</continent>
			
      
			<country>Canada</country>
			
      
			<province>Ontario</province>
			
      
      
      
    
		</hierarchicalGeographic>
		

  
	</subject>
	
  
	<accessCondition type="useAndReproduction">For further copyright information contact : ascproj@yorku.ca</accessCondition>
	

</mods>
