
<mods xmlns="http://www.loc.gov/mods/v3" xmlns:mods="http://www.loc.gov/mods/v3" xmlns:xlink="http://www.w3.org/1999/xlink" xmlns:xsi="http://www.w3.org/2001/XMLSchema-instance">
  <titleInfo>
    <title>Hay Marsh</title>
  </titleInfo>
  <name type="personal">
    <namePart>Lou Wise</namePart>
    <role>
      <roleTerm authority="marcrelator" type="text">Creator</roleTerm>
    </role>
  </name>
  <typeOfResource>still image</typeOfResource>
  <genre authority="lctgm">Photograph</genre>
  <originInfo>
    <dateCreated>2008-11-19</dateCreated>
    <dateOther>1988-08-24</dateOther>
  </originInfo>
  <abstract>Oblique aerial view looking northwest of Hay Marsh</abstract>
  <identifier type="hdl">http://hdl.handle.net/10315/11646</identifier>
  <identifier type="local">ASC21705</identifier>
  <identifier type="other">HAM00036</identifier>
  <location>
    <physicalLocation>2008-037 / 002 (28)</physicalLocation>
  </location>
  <physicalDescription>
    <form authority="marcform">nonprojected graphic</form>
  </physicalDescription>
  <relatedItem>
    <titleInfo>
      <title>Lou Wise fonds, F0539</title>
    </titleInfo>
    <location>
      <url note="Finding Aid">http://archivesfa.library.yorku.ca/fonds/ON00370-f0000539.htm</url>
    </location>
  </relatedItem>
  <subject>
    <topic>Aerial photographs</topic>
    <topic>Air photos</topic>
    <topic>Airphotos</topic>
    <hierarchicalGeographic>
      <continent>North America</continent>
      <country>Canada</country>
      <province>Ontario</province>
      <region>Ausable Bayfield Conservation Authority</region>
      <county>Huron County</county>
      <city>Bluewater</city>
    </hierarchicalGeographic>
    <cartographics>
      <coordinates>43.366436, -81.560194</coordinates>
    </cartographics>
  </subject>
  <accessCondition type="useAndReproduction">Copyright of images owned by Lou Wise. Geo-spatial data and KML files generated by YUL staff is licensed under a Creative Commons Attribution-NonCommercial-ShareAlike 3.0 Unported License. For further copyright and contact information email: ascproj@yorku.ca.</accessCondition>
  <note>Image is situated at 43.367° North (Latitude), 81.561° West (Longitude).</note>
  <note>View the location of this photo in Google Maps: http://maps.google.com/maps?z=12&amp;t=m&amp;q=loc:43.366436+-81.560194</note>
  <note>View the location of this photo in OpenStreetMap: http://www.openstreetmap.org/?mlat=43.366436&amp;mlon=-81.560194&amp;zoom=15</note>
</mods>
