
<mods xmlns="http://www.loc.gov/mods/v3" xmlns:mods="http://www.loc.gov/mods/v3" xmlns:xlink="http://www.w3.org/1999/xlink" xmlns:xsi="http://www.w3.org/2001/XMLSchema-instance">
  <titleInfo>
    <title>Crotch Lake Dam</title>
  </titleInfo>
  <name type="personal">
    <namePart>Lou Wise</namePart>
    <role>
      <roleTerm authority="marcrelator" type="text">Creator</roleTerm>
    </role>
  </name>
  <typeOfResource>still image</typeOfResource>
  <genre authority="lctgm">Photograph</genre>
  <originInfo>
    <dateCreated>2008-10-21</dateCreated>
    <dateOther>1989-08-21</dateOther>
  </originInfo>
  <abstract>Oblique aerial view of Crotch Lake Dam</abstract>
  <identifier type="hdl">http://hdl.handle.net/10315/10873</identifier>
  <identifier type="local">ASC20851</identifier>
  <identifier type="other">CLD00021</identifier>
  <location>
    <physicalLocation>2008-037 / 002 (7)</physicalLocation>
  </location>
  <physicalDescription>
    <form authority="marcform">nonprojected graphic</form>
  </physicalDescription>
  <relatedItem>
    <titleInfo>
      <title>Lou Wise fonds, F0539</title>
    </titleInfo>
    <location>
      <url note="Finding Aid">http://archivesfa.library.yorku.ca/fonds/ON00370-f0000539.htm</url>
    </location>
  </relatedItem>
  <subject>
    <topic>Aerial photographs</topic>
    <topic>Air photos</topic>
    <topic>Airphotos</topic>
    <hierarchicalGeographic>
      <continent>North America</continent>
      <country>Canada</country>
      <province>Ontario</province>
      <region>Mississippi Valley Conservation</region>
      <county>Frontenac County</county>
      <city>North Frontenac</city>
    </hierarchicalGeographic>
    <cartographics>
      <coordinates>44.940709, -76.770114</coordinates>
    </cartographics>
  </subject>
  <accessCondition type="useAndReproduction">Copyright of images owned by Lou Wise. Geo-spatial data and KML files generated by YUL staff is licensed under a Creative Commons Attribution-NonCommercial-ShareAlike 3.0 Unported License. For further copyright and contact information email: ascproj@yorku.ca.</accessCondition>
  <note>Image is situated at 44.941° North (Latitude), 76.771° West (Longitude).</note>
  <note>View the location of this photo in Google Maps: http://maps.google.com/maps?z=12&amp;t=m&amp;q=loc:44.940709+-76.770114</note>
  <note>View the location of this photo in OpenStreetMap: http://www.openstreetmap.org/?mlat=44.940709&amp;mlon=-76.770114&amp;zoom=15</note>
</mods>
