
<mods xmlns="http://www.loc.gov/mods/v3" xmlns:mods="http://www.loc.gov/mods/v3" xmlns:xlink="http://www.w3.org/1999/xlink" xmlns:xsi="http://www.w3.org/2001/XMLSchema-instance">
  <titleInfo>
    <title>Marleborough Forest</title>
  </titleInfo>
  <name type="personal">
    <namePart>Lou Wise</namePart>
    <role>
      <roleTerm authority="marcrelator" type="text">Creator</roleTerm>
    </role>
  </name>
  <typeOfResource>still image</typeOfResource>
  <genre authority="lctgm">Photograph</genre>
  <originInfo>
    <dateCreated>2008-10-10</dateCreated>
    <dateOther>1990/09</dateOther>
  </originInfo>
  <abstract>Oblique aerial view of Marleborough Forest</abstract>
  <identifier type="hdl">http://hdl.handle.net/10315/12130</identifier>
  <identifier type="local">ASC22302</identifier>
  <identifier type="other">MAR00024</identifier>
  <location>
    <physicalLocation>2008-037 / 003 (19)</physicalLocation>
  </location>
  <physicalDescription>
    <form authority="marcform">nonprojected graphic</form>
  </physicalDescription>
  <relatedItem>
    <titleInfo>
      <title>Lou Wise fonds, F0539</title>
    </titleInfo>
    <location>
      <url note="Finding Aid">http://archivesfa.library.yorku.ca/fonds/ON00370-f0000539.htm</url>
    </location>
  </relatedItem>
  <subject>
    <topic>Aerial photographs</topic>
    <topic>Air photos</topic>
    <topic>Airphotos</topic>
    <hierarchicalGeographic>
      <continent>North America</continent>
      <country>Canada</country>
      <province>Ontario</province>
      <region>Rideau Valley Conservation Authority</region>
      <county>Ottawa Division</county>
      <city>Ottawa</city>
    </hierarchicalGeographic>
    <cartographics>
      <coordinates>45.056634, -75.837847</coordinates>
    </cartographics>
  </subject>
  <accessCondition type="useAndReproduction">Copyright of images owned by Lou Wise. Geo-spatial data and KML files generated by YUL staff is licensed under a Creative Commons Attribution-NonCommercial-ShareAlike 3.0 Unported License. For further copyright and contact information email: ascproj@yorku.ca.</accessCondition>
  <note>Image is situated at 45.057° North (Latitude), 75.838° West (Longitude).</note>
  <note>View the location of this photo in Google Maps: http://maps.google.com/maps?z=12&amp;t=m&amp;q=loc:45.056634+-75.837847</note>
  <note>View the location of this photo in OpenStreetMap: http://www.openstreetmap.org/?mlat=45.056634&amp;mlon=-75.837847&amp;zoom=15</note>
</mods>
