
<mods xmlns="http://www.loc.gov/mods/v3" xmlns:mods="http://www.loc.gov/mods/v3" xmlns:xlink="http://www.w3.org/1999/xlink" xmlns:xsi="http://www.w3.org/2001/XMLSchema-instance">
	
  
	<titleInfo>
		
    
		<title>Nonquon Region</title>
		
  
	</titleInfo>
	
  
	<name type="personal">
		
    
		<namePart>Lou Wise</namePart>
		
    
		<role>
			
      
			<roleTerm authority="marcrelator" type="text">Creator</roleTerm>
			
    
		</role>
		
  
	</name>
	
  
	<typeOfResource>still image</typeOfResource>
	
  
	<genre authority="lctgm">Photograph</genre>
	
  
	<originInfo>
		
    
		<dateCreated>2012-03-16</dateCreated>
		
    
		<dateOther>1996-07-22</dateOther>
		
  
	</originInfo>
	
  
	<abstract>Oblique aerial view of Nonquon River</abstract>
	
  
	<identifier type="hdl">http://hdl.handle.net/10315/14885</identifier>
	
  
	<identifier type="local">ASC24154</identifier>
	
  
  
	<location>
		
    
		<physicalLocation>2009-008 / 002 (34)</physicalLocation>
		
  
	</location>
	
  
	<physicalDescription>
		
    
		<form authority="marcform">nonprojected graphic</form>
		
  
	</physicalDescription>
	
  
	<note>Image is situated at 44.192° North (Latitude), 78.934° West (Longitude).</note>
	
  
	<note>One slide scanned out of 39 in file.</note>
	
  
	<note>ASC24119</note>
	
  
	<note>Google Maps: http://maps.google.com/maps?z=12%26t=m%26q=loc:44.191791+-78.934462</note>
	
  
	<note>Open Street Maps: http://www.openstreetmap.org/?mlat=44.191791%26mlon=-78.934462%26zoom=15</note>
	
  
	<relatedItem>
		
    
		<titleInfo>
			
      
			<title>Lou Wise fonds, F0539</title>
			
    
		</titleInfo>
		
    
		<location>
			
      
			<url note="Finding Aid">http://archivesfa.library.yorku.ca/fonds/ON00370-f0000539.htm</url>
			
    
		</location>
		
  
	</relatedItem>
	
  
	<subject>
		
    
		<topic>Aerial photographs</topic>
		
    
		<topic>Air photos</topic>
		
    
		<topic>Airphotos</topic>
		
    
		<hierarchicalGeographic>
			
      
			<continent>North America</continent>
			
      
			<country>Canada</country>
			
      
			<province>Ontario</province>
			
      
			<region>Kawartha Region Conservation Authority</region>
			
      
			<county>Kawartha Lakes Division</county>
			
      
			<city>Kawartha Lakes</city>
			
    
		</hierarchicalGeographic>
		
    
		<cartographics>
			
      
			<coordinates>44.191791, -78.934462</coordinates>
			
    
		</cartographics>
		
  
	</subject>
	
  
	<accessCondition type="useAndReproduction">Copyright of images owned by Lou Wise. Geo-spatial data and KML files generated by YUL staff is licensed under a Creative Commons Attribution-NonCommercial-ShareAlike 3.0 Unported License. For further copyright and contact information email: ascproj@yorku.ca.</accessCondition>
	

</mods>
