
<mods xmlns="http://www.loc.gov/mods/v3" xmlns:mods="http://www.loc.gov/mods/v3" xmlns:xlink="http://www.w3.org/1999/xlink" xmlns:xsi="http://www.w3.org/2001/XMLSchema-instance">
	
  
	<titleInfo>
		
    
		<title>Five Points Woods Woodlot</title>
		
  
	</titleInfo>
	
  
	<name type="personal">
		
    
		<namePart>Lou Wise</namePart>
		
    
		<role>
			
      
			<roleTerm authority="marcrelator" type="text">Creator</roleTerm>
			
    
		</role>
		
  
	</name>
	
  
	<typeOfResource>still image</typeOfResource>
	
  
	<genre authority="lctgm">Photograph</genre>
	
  
	<originInfo>
		
    
		<dateCreated>2008-10-31</dateCreated>
		
    
		<dateOther>1990/09</dateOther>
		
  
	</originInfo>
	
  
	<abstract>Oblique aerial view looking east towards Five Points Woods Woodlot</abstract>
	
  
	<identifier type="hdl">http://hdl.handle.net/10315/11352</identifier>
	
  
	<identifier type="local">ASC21413</identifier>
	
  
	<identifier type="other">FPW00013</identifier>
	
  
	<location>
		
    
		<physicalLocation>2008-037 / 002 (16)</physicalLocation>
		
  
	</location>
	
  
	<physicalDescription>
		
    
		<form authority="marcform">nonprojected graphic</form>
		
  
	</physicalDescription>
	
  
	<note>Image is situated at 43.007° North (Latitude), 80.91° West (Longitude).</note>
	
  
  
  
	<note>Google Maps: http://maps.google.com/maps?z=12%26t=m%26q=loc:43.006994+-80.910261</note>
	
  
	<note>Open Street Maps: http://www.openstreetmap.org/?mlat=43.006994%26mlon=-80.910261%26zoom=15</note>
	
  
	<relatedItem>
		
    
		<titleInfo>
			
      
			<title>Lou Wise fonds, F0539</title>
			
    
		</titleInfo>
		
    
		<location>
			
      
			<url note="Finding Aid">http://archivesfa.library.yorku.ca/fonds/ON00370-f0000539.htm</url>
			
    
		</location>
		
  
	</relatedItem>
	
  
	<subject>
		
    
		<topic>Aerial photographs</topic>
		
    
		<topic>Air photos</topic>
		
    
		<topic>Airphotos</topic>
		
    
		<hierarchicalGeographic>
			
      
			<continent>North America</continent>
			
      
			<country>Canada</country>
			
      
			<province>Ontario</province>
			
      
			<region>Upper Thames River Conservation Authority</region>
			
      
			<county>Oxford County</county>
			
      
			<city>South-West Oxford</city>
			
    
		</hierarchicalGeographic>
		
    
		<cartographics>
			
      
			<coordinates>43.006994, -80.910261</coordinates>
			
    
		</cartographics>
		
  
	</subject>
	
  
	<accessCondition type="useAndReproduction">Copyright of images owned by Lou Wise. Geo-spatial data and KML files generated by YUL staff is licensed under a Creative Commons Attribution-NonCommercial-ShareAlike 3.0 Unported License. For further copyright and contact information email: ascproj@yorku.ca.</accessCondition>
	

</mods>
