
<mods xmlns="http://www.loc.gov/mods/v3" xmlns:mods="http://www.loc.gov/mods/v3" xmlns:xlink="http://www.w3.org/1999/xlink" xmlns:xsi="http://www.w3.org/2001/XMLSchema-instance">
  <titleInfo>
    <title>Romandale [Romandale Farms development project in Rouge Valley?]</title>
  </titleInfo>
  <name type="personal">
    <namePart>Lou Wise</namePart>
    <role>
      <roleTerm authority="marcrelator" type="text">Creator</roleTerm>
    </role>
  </name>
  <typeOfResource>still image</typeOfResource>
  <genre authority="lctgm">Photograph</genre>
  <originInfo>
    <dateCreated>2012-04-18</dateCreated>
    <dateOther>1989-08-28</dateOther>
  </originInfo>
  <abstract>Oblique aerial view of Romandale</abstract>
  <identifier type="hdl">http://hdl.handle.net/10315/16998</identifier>
  <identifier type="local">ASC26197</identifier>
  <location>
    <physicalLocation>2009-008 / 007 (20)</physicalLocation>
  </location>
  <physicalDescription>
    <form authority="marcform">nonprojected graphic</form>
  </physicalDescription>
  <note>ASC26184</note>
  <relatedItem>
    <titleInfo>
      <title>Lou Wise fonds, F0539</title>
    </titleInfo>
    <location>
      <url note="Finding Aid">http://archivesfa.library.yorku.ca/fonds/ON00370-f0000539.htm</url>
    </location>
  </relatedItem>
  <subject>
    <topic>Aerial photographs</topic>
    <topic>Air photos</topic>
    <topic>Airphotos</topic>
    <hierarchicalGeographic>
      <continent>North America</continent>
      <country>Canada</country>
      <province>Ontario</province>
      <region>Toronto and Region Conservation Authority</region>
      <county>York Regional Municipality</county>
      <city>Markham</city>
    </hierarchicalGeographic>
    <cartographics>
      <coordinates>43.903009, -79.343005</coordinates>
    </cartographics>
  </subject>
  <accessCondition type="useAndReproduction">Copyright of images owned by Lou Wise. Geo-spatial data and KML files generated by YUL staff is licensed under a Creative Commons Attribution-NonCommercial-ShareAlike 3.0 Unported License. For further copyright and contact information email: ascproj@yorku.ca.</accessCondition>
  <note>One slide scanned out of 56 in file.</note>
  <note>Image is situated at 43.9031° North (Latitude), 79.3431° West (Longitude).</note>
  <note>View the location of this photo in Google Maps: http://maps.google.com/maps?z=12&amp;t=m&amp;q=loc:43.903009+-79.343005</note>
  <note>View the location of this photo in OpenStreetMap: http://www.openstreetmap.org/?mlat=43.903009&amp;mlon=-79.343005&amp;zoom=15</note>
</mods>
