
<mods xmlns="http://www.loc.gov/mods/v3" xmlns:mods="http://www.loc.gov/mods/v3" xmlns:xlink="http://www.w3.org/1999/xlink" xmlns:xsi="http://www.w3.org/2001/XMLSchema-instance">
  <titleInfo>
    <title>Twin Brooks &quot;B&quot;</title>
  </titleInfo>
  <name type="personal">
    <namePart>Lou Wise</namePart>
    <role>
      <roleTerm authority="marcrelator" type="text">Creator</roleTerm>
    </role>
  </name>
  <typeOfResource>still image</typeOfResource>
  <genre authority="lctgm">Photograph</genre>
  <originInfo>
    <dateCreated>2008-10-10</dateCreated>
    <dateOther>1990-07-25</dateOther>
  </originInfo>
  <abstract>Oblique aerial view of Twin Brooks &quot;B&quot;</abstract>
  <identifier type="hdl">http://hdl.handle.net/10315/13084</identifier>
  <identifier type="local">ASC23294</identifier>
  <identifier type="other">TWIB0013</identifier>
  <location>
    <physicalLocation>2008-037 / 004 (28)</physicalLocation>
  </location>
  <physicalDescription>
    <form authority="marcform">nonprojected graphic</form>
  </physicalDescription>
  <relatedItem>
    <titleInfo>
      <title>Lou Wise fonds, F0539</title>
    </titleInfo>
    <location>
      <url note="Finding Aid">http://archivesfa.library.yorku.ca/fonds/ON00370-f0000539.htm</url>
    </location>
  </relatedItem>
  <subject>
    <topic>Aerial photographs</topic>
    <topic>Air photos</topic>
    <topic>Airphotos</topic>
    <hierarchicalGeographic>
      <continent>North America</continent>
      <country>Canada</country>
      <province>Ontario</province>
      <region>Halton Region Conservation Authority</region>
      <county>Halton Regional Municipality</county>
      <city>Milton</city>
    </hierarchicalGeographic>
    <cartographics>
      <coordinates>43.532342, -79.995052</coordinates>
    </cartographics>
  </subject>
  <accessCondition type="useAndReproduction">Copyright of images owned by Lou Wise. Geo-spatial data and KML files generated by YUL staff is licensed under a Creative Commons Attribution-NonCommercial-ShareAlike 3.0 Unported License. For further copyright and contact information email: ascproj@yorku.ca.</accessCondition>
  <note>Image is situated at 43.533° North (Latitude), 79.996° West (Longitude).</note>
  <note>View the location of this photo in Google Maps: http://maps.google.com/maps?z=12&amp;t=m&amp;q=loc:43.532342+-79.995052</note>
  <note>View the location of this photo in OpenStreetMap: http://www.openstreetmap.org/?mlat=43.532342&amp;mlon=-79.995052&amp;zoom=15</note>
</mods>
