
<mods xmlns="http://www.loc.gov/mods/v3" xmlns:mods="http://www.loc.gov/mods/v3" xmlns:xlink="http://www.w3.org/1999/xlink" xmlns:xsi="http://www.w3.org/2001/XMLSchema-instance">
	
  
	<titleInfo>
		
    
		<title>Credit Region, Inglewood</title>
		
  
	</titleInfo>
	
  
	<name type="personal">
		
    
		<namePart>Lou Wise</namePart>
		
    
		<role>
			
      
			<roleTerm authority="marcrelator" type="text">Creator</roleTerm>
			
    
		</role>
		
  
	</name>
	
  
	<typeOfResource>still image</typeOfResource>
	
  
	<genre authority="lctgm">Photograph</genre>
	
  
	<originInfo>
		
    
		<dateCreated>2008-10-22</dateCreated>
		
    
		<dateOther>1988/05</dateOther>
		
  
	</originInfo>
	
  
	<abstract>Oblique aerial view looking south-east towards Credit Region, Inglewood</abstract>
	
  
	<identifier type="hdl">http://hdl.handle.net/10315/13298</identifier>
	
  
	<identifier type="local">ASC21031</identifier>
	
  
	<identifier type="other">CRER00012</identifier>
	
  
	<location>
		
    
		<physicalLocation>2008-037 / 002 (6)</physicalLocation>
		
  
	</location>
	
  
	<physicalDescription>
		
    
		<form authority="marcform">nonprojected graphic</form>
		
  
	</physicalDescription>
	
  
	<note>Image is situated at 43.81° North (Latitude), 79.946° West (Longitude).</note>
	
  
  
  
	<note>Google Maps: http://maps.google.com/maps?z=12%26t=m%26q=loc:43.809753+-79.945829</note>
	
  
	<note>Open Street Maps: http://www.openstreetmap.org/?mlat=43.809753%26mlon=-79.945829%26zoom=15</note>
	
  
	<relatedItem>
		
    
		<titleInfo>
			
      
			<title>Lou Wise fonds, F0539</title>
			
    
		</titleInfo>
		
    
		<location>
			
      
			<url note="Finding Aid">http://archivesfa.library.yorku.ca/fonds/ON00370-f0000539.htm</url>
			
    
		</location>
		
  
	</relatedItem>
	
  
	<subject>
		
    
		<topic>Aerial photographs</topic>
		
    
		<topic>Air photos</topic>
		
    
		<topic>Airphotos</topic>
		
    
		<hierarchicalGeographic>
			
      
			<continent>North America</continent>
			
      
			<country>Canada</country>
			
      
			<province>Ontario</province>
			
      
			<region>Credit Valley Conservation</region>
			
      
			<county>Peel Regional Municipality</county>
			
      
			<city>Caledon</city>
			
    
		</hierarchicalGeographic>
		
    
		<cartographics>
			
      
			<coordinates>43.809753, -79.945829</coordinates>
			
    
		</cartographics>
		
  
	</subject>
	
  
	<accessCondition type="useAndReproduction">Copyright of images owned by Lou Wise. Geo-spatial data and KML files generated by YUL staff is licensed under a Creative Commons Attribution-NonCommercial-ShareAlike 3.0 Unported License. For further copyright and contact information email: ascproj@yorku.ca.</accessCondition>
	

</mods>
