
<mods xmlns="http://www.loc.gov/mods/v3" xmlns:mods="http://www.loc.gov/mods/v3" xmlns:xlink="http://www.w3.org/1999/xlink" xmlns:xsi="http://www.w3.org/2001/XMLSchema-instance">
  <titleInfo>
    <title>Miller Creek</title>
  </titleInfo>
  <name type="personal">
    <namePart>Lou Wise</namePart>
    <role>
      <roleTerm authority="marcrelator" type="text">Creator</roleTerm>
    </role>
  </name>
  <typeOfResource>still image</typeOfResource>
  <genre authority="lctgm">Photograph</genre>
  <originInfo>
    <dateCreated>2008-10-28</dateCreated>
    <dateOther>1989-09-19</dateOther>
  </originInfo>
  <abstract>Oblique aerial view of Miller Creek</abstract>
  <identifier type="hdl">http://hdl.handle.net/10315/13364</identifier>
  <identifier type="local">ASC22369</identifier>
  <identifier type="other">MCR00031</identifier>
  <location>
    <physicalLocation>2008-037 / 003 (22)</physicalLocation>
  </location>
  <physicalDescription>
    <form authority="marcform">nonprojected graphic</form>
  </physicalDescription>
  <relatedItem>
    <titleInfo>
      <title>Lou Wise fonds, F0539</title>
    </titleInfo>
    <location>
      <url note="Finding Aid">http://archivesfa.library.yorku.ca/fonds/ON00370-f0000539.htm</url>
    </location>
  </relatedItem>
  <subject>
    <topic>Aerial photographs</topic>
    <topic>Air photos</topic>
    <topic>Airphotos</topic>
    <hierarchicalGeographic>
      <continent>North America</continent>
      <country>Canada</country>
      <province>Ontario</province>
      <region>Otonabee Region Conservation Authority</region>
      <county>Peterborough County</county>
      <city>Smith-Ennismore-Lakefield</city>
    </hierarchicalGeographic>
    <cartographics>
      <coordinates>44.380909, -78.356891</coordinates>
    </cartographics>
  </subject>
  <accessCondition type="useAndReproduction">Copyright of images owned by Lou Wise. Geo-spatial data and KML files generated by YUL staff is licensed under a Creative Commons Attribution-NonCommercial-ShareAlike 3.0 Unported License. For further copyright and contact information email: ascproj@yorku.ca.</accessCondition>
  <note>Image is situated at 44.381° North (Latitude), 78.357° West (Longitude).</note>
  <note>View the location of this photo in Google Maps: http://maps.google.com/maps?z=12&amp;t=m&amp;q=loc:44.380909+-78.356891</note>
  <note>View the location of this photo in OpenStreetMap: http://www.openstreetmap.org/?mlat=44.380909&amp;mlon=-78.356891&amp;zoom=15</note>
</mods>
