
<mods xmlns="http://www.loc.gov/mods/v3" xmlns:mods="http://www.loc.gov/mods/v3" xmlns:xlink="http://www.w3.org/1999/xlink" xmlns:xsi="http://www.w3.org/2001/XMLSchema-instance">
  <titleInfo>
    <title>Lake Opinicon, Queen&apos;s University</title>
  </titleInfo>
  <name type="personal">
    <namePart>Lou Wise</namePart>
    <role>
      <roleTerm authority="marcrelator" type="text">Creator</roleTerm>
    </role>
  </name>
  <typeOfResource>still image</typeOfResource>
  <genre authority="lctgm">Photograph</genre>
  <originInfo>
    <dateCreated>2012-03-19</dateCreated>
    <dateOther>1989-06-07</dateOther>
  </originInfo>
  <abstract>Oblique aerial view of Lake Opinicon, Queen&apos;s University</abstract>
  <identifier type="hdl">http://hdl.handle.net/10315/16696</identifier>
  <identifier type="local">ASC25933</identifier>
  <location>
    <physicalLocation>2009-008 / 006 (12)</physicalLocation>
  </location>
  <physicalDescription>
    <form authority="marcform">nonprojected graphic</form>
  </physicalDescription>
  <note>ASC25924</note>
  <relatedItem>
    <titleInfo>
      <title>Lou Wise fonds, F0539</title>
    </titleInfo>
    <location>
      <url note="Finding Aid">http://archivesfa.library.yorku.ca/fonds/ON00370-f0000539.htm</url>
    </location>
  </relatedItem>
  <subject>
    <topic>Aerial photographs</topic>
    <topic>Air photos</topic>
    <topic>Airphotos</topic>
    <hierarchicalGeographic>
      <continent>North America</continent>
      <country>Canada</country>
      <province>Ontario</province>
      <region>Cataraqui Region Conservation Authority</region>
      <county>Frontenac County</county>
      <city>South Frontenac</city>
    </hierarchicalGeographic>
    <cartographics>
      <coordinates>44.524755, -76.404163</coordinates>
    </cartographics>
  </subject>
  <accessCondition type="useAndReproduction">Copyright of images owned by Lou Wise. Geo-spatial data and KML files generated by YUL staff is licensed under a Creative Commons Attribution-NonCommercial-ShareAlike 3.0 Unported License. For further copyright and contact information email: ascproj@yorku.ca.</accessCondition>
  <note>One slide scanned out of 69 in file.</note>
  <note>Image is situated at 44.5248° North (Latitude), 76.4042° West (Longitude).</note>
  <note>View the location of this photo in Google Maps: http://maps.google.com/maps?z=12&amp;t=m&amp;q=loc:44.524755+-76.404163</note>
  <note>View the location of this photo in OpenStreetMap: http://www.openstreetmap.org/?mlat=44.524755&amp;mlon=-76.404163&amp;zoom=15</note>
</mods>
